{
  "success": 1,
  "failed": 0,
  "total": 1,
  "total_time": 22.624314546585083,
  "avg_time": 22.624314546585083
}