{
  "success": 10,
  "failed": 0,
  "total": 10,
  "total_time": 6.353715658187866,
  "avg_time": 0.6353715658187866
}