{
  "success": 1,
  "failed": 0,
  "total": 1,
  "total_time": 25.2339129447937,
  "avg_time": 25.2339129447937
}