{
  "success": 10,
  "failed": 0,
  "total": 10,
  "total_time": 272.0094006061554,
  "avg_time": 27.20094006061554
}